team_id,logger_id,timestamp,longitude,latitude,accuracy_m,speed_kmh
T12,GL-5214,2026-03-13 07:34:00,7.328845,10.54722,5.9,3.75
T12,GL-5214,2026-03-13 07:35:00,7.329354,10.547184,8.1,4.58
T12,GL-5214,2026-03-13 07:36:00,7.329955,10.5471,7.5,4.08
T12,GL-5214,2026-03-13 07:37:00,7.330362,10.547177,10.2,4.47
T12,GL-5214,2026-03-13 07:38:00,7.330935,10.547173,9.5,4.12
T12,GL-5214,2026-03-13 07:39:00,7.330987,10.547198,11.9,0.62
T12,GL-5214,2026-03-13 07:40:00,7.331042,10.547207,9.4,0.57
T12,GL-5214,2026-03-13 07:41:00,7.330993,10.547127,6.0,0.27
T12,GL-5214,2026-03-13 07:42:00,7.331066,10.547153,4.4,0.23
T12,GL-5214,2026-03-13 07:43:00,7.330853,10.54727,10.3,0.47
T12,GL-5214,2026-03-13 07:44:00,7.330882,10.547217,10.5,0.39
T12,GL-5214,2026-03-13 07:45:00,7.331066,10.547148,8.0,0.85
T12,GL-5214,2026-03-13 07:46:00,7.330833,10.547093,4.1,0.73
T12,GL-5214,2026-03-13 07:47:00,7.330977,10.5471,11.7,0.76
T12,GL-5214,2026-03-13 07:48:00,7.330729,10.547128,11.7,0.36
T12,GL-5214,2026-03-13 07:49:00,7.330906,10.547211,8.2,0.71
T12,GL-5214,2026-03-13 07:50:00,7.330905,10.547141,5.7,0.76
T12,GL-5214,2026-03-13 07:51:00,7.330976,10.54709,11.1,0.44
T12,GL-5214,2026-03-13 07:52:00,7.330995,10.547154,7.4,0.16
T12,GL-5214,2026-03-13 07:53:00,7.330811,10.547085,6.8,0.23
T12,GL-5214,2026-03-13 07:54:00,7.330992,10.547179,7.2,0.04
T12,GL-5214,2026-03-13 07:55:00,7.331013,10.547275,7.1,0.52
T12,GL-5214,2026-03-13 07:56:00,7.330845,10.547068,8.7,0.69
T12,GL-5214,2026-03-13 07:57:00,7.330992,10.547351,5.0,0.63
T12,GL-5214,2026-03-13 07:58:00,7.330886,10.546511,8.6,3.55
T12,GL-5214,2026-03-13 07:59:00,7.330891,10.546077,5.9,2.82
T12,GL-5214,2026-03-13 08:00:00,7.331023,10.545324,5.2,3.59
T12,GL-5214,2026-03-13 08:01:00,7.331012,10.544688,10.5,3.04
T12,GL-5214,2026-03-13 08:02:00,7.331005,10.544192,7.8,2.86
T12,GL-5214,2026-03-13 08:03:00,7.330943,10.543537,11.1,4.32
T12,GL-5214,2026-03-13 08:04:00,7.331087,10.542987,11.7,4.13
T12,GL-5214,2026-03-13 08:05:00,7.331159,10.542273,7.2,5.03
T12,GL-5214,2026-03-13 08:06:00,7.331076,10.541723,7.0,4.22
T12,GL-5214,2026-03-13 08:07:00,7.331089,10.541082,8.4,3.48
T12,GL-5214,2026-03-13 08:08:00,7.331167,10.540533,5.0,5.36
T12,GL-5214,2026-03-13 08:09:00,7.331055,10.540006,8.2,3.39
T12,GL-5214,2026-03-13 08:10:00,7.331192,10.539337,6.8,4.72
T12,GL-5214,2026-03-13 08:11:00,7.331204,10.538739,5.5,3.79
T12,GL-5214,2026-03-13 08:12:00,7.331214,10.538208,7.9,4.48
T12,GL-5214,2026-03-13 08:13:00,7.331174,10.537496,10.2,5.49
T12,GL-5214,2026-03-13 08:14:00,7.33129,10.536968,7.0,3.01
T12,GL-5214,2026-03-13 08:15:00,7.331202,10.536267,11.9,5.14
T12,GL-5214,2026-03-13 08:16:00,7.331304,10.535673,9.6,3.1
T12,GL-5214,2026-03-13 08:17:00,7.331292,10.535093,8.3,5.43
T12,GL-5214,2026-03-13 08:18:00,7.331234,10.534526,6.2,3.58
T12,GL-5214,2026-03-13 08:19:00,7.331399,10.533908,10.0,3.37
T12,GL-5214,2026-03-13 08:20:00,7.331372,10.533365,7.0,5.1
T12,GL-5214,2026-03-13 08:21:00,7.33133,10.532748,6.0,4.34
T12,GL-5214,2026-03-13 08:22:00,7.331284,10.532054,7.0,4.4
T12,GL-5214,2026-03-13 08:23:00,7.331359,10.531615,9.4,2.91
T12,GL-5214,2026-03-13 08:24:00,7.331433,10.530846,7.5,3.71
T12,GL-5214,2026-03-13 08:25:00,7.3315,10.530337,10.3,3.63
T12,GL-5214,2026-03-13 08:26:00,7.331371,10.529664,7.5,5.22
T12,GL-5214,2026-03-13 08:27:00,7.331362,10.52903,4.4,2.86
T12,GL-5214,2026-03-13 08:28:00,7.331418,10.528529,9.5,5.33
T12,GL-5214,2026-03-13 08:29:00,7.331612,10.527859,9.6,3.72
T12,GL-5214,2026-03-13 08:30:00,7.331494,10.5273,4.8,5.0
T12,GL-5214,2026-03-13 08:31:00,7.331393,10.526723,8.3,4.68
T12,GL-5214,2026-03-13 08:32:00,7.331553,10.526047,10.9,4.37
T12,GL-5214,2026-03-13 08:33:00,7.331569,10.525555,8.8,5.29
T12,GL-5214,2026-03-13 08:34:00,7.331569,10.524781,6.3,4.11
T12,GL-5214,2026-03-13 08:35:00,7.331563,10.524258,10.3,3.54
T12,GL-5214,2026-03-13 08:36:00,7.331589,10.52376,11.2,3.89
T12,GL-5214,2026-03-13 08:37:00,7.33161,10.523132,6.7,4.6
T12,GL-5214,2026-03-13 08:38:00,7.331475,10.522465,10.4,3.54
T12,GL-5214,2026-03-13 08:39:00,7.33154,10.521865,7.9,5.51
T12,GL-5214,2026-03-13 08:40:00,7.331648,10.521262,10.1,5.17
T12,GL-5214,2026-03-13 08:41:00,7.331665,10.520783,10.6,3.6
T12,GL-5214,2026-03-13 08:42:00,7.33179,10.520132,4.5,3.32
T12,GL-5214,2026-03-13 08:43:00,7.331718,10.519593,11.7,3.19
T12,GL-5214,2026-03-13 08:44:00,7.331808,10.518951,4.2,2.9
T12,GL-5214,2026-03-13 08:45:00,7.33179,10.518345,7.6,5.26
T12,GL-5214,2026-03-13 08:46:00,7.331712,10.517544,8.0,4.8
T12,GL-5214,2026-03-13 08:47:00,7.331825,10.517067,6.1,4.21
T12,GL-5214,2026-03-13 08:48:00,7.331813,10.516385,9.3,3.94
T12,GL-5214,2026-03-13 08:49:00,7.331712,10.51586,4.7,2.86
T12,GL-5214,2026-03-13 08:50:00,7.331829,10.515277,4.9,4.54
T12,GL-5214,2026-03-13 08:51:00,7.331889,10.514677,6.0,3.56
T12,GL-5214,2026-03-13 08:52:00,7.331785,10.513984,6.0,5.45
T12,GL-5214,2026-03-13 08:53:00,7.33183,10.513518,7.0,4.55
T12,GL-5214,2026-03-13 08:54:00,7.331993,10.512789,,3.55
T12,GL-5214,2026-03-13 08:55:00,7.331937,10.512269,5.6,5.58
T12,GL-5214,2026-03-13 08:56:00,7.33182,10.511517,9.4,3.56
T12,GL-5214,2026-03-13 08:57:00,7.331999,10.511013,9.2,4.59
T12,GL-5214,2026-03-13 08:58:00,7.331926,10.510548,6.6,5.06
T12,GL-5214,2026-03-13 08:59:00,7.332002,10.509882,8.3,4.92
T12,GL-5214,2026-03-13 09:00:00,7.331877,10.509271,5.7,4.0
T12,GL-5214,2026-03-13 09:01:00,7.332007,10.508681,4.4,5.35
T12,GL-5214,2026-03-13 09:02:00,7.332011,10.508035,6.5,4.24
T12,GL-5214,2026-03-13 09:03:00,7.332065,10.507449,11.2,5.0
T12,GL-5214,2026-03-13 09:04:00,7.331947,10.50696,11.8,5.23
T12,GL-5214,2026-03-13 09:05:00,7.332112,10.506315,9.8,5.29
T12,GL-5214,2026-03-13 09:06:00,7.332066,10.505737,11.7,2.97
T12,GL-5214,2026-03-13 09:07:00,7.332113,10.505117,6.9,5.44
T12,GL-5214,2026-03-13 09:08:00,7.332087,10.504516,8.8,5.27
T12,GL-5214,2026-03-13 09:09:00,7.332218,10.503947,11.9,5.45
T12,GL-5214,2026-03-13 09:10:00,7.332133,10.503224,7.7,2.99
T12,GL-5214,2026-03-13 09:11:00,7.332177,10.502605,6.1,3.91
T12,GL-5214,2026-03-13 09:12:00,7.332154,10.502082,11.6,3.26
T12,GL-5214,2026-03-13 09:13:00,7.332144,10.501351,8.3,3.3
T12,GL-5214,2026-03-13 09:14:00,7.332136,10.500849,11.1,3.13
T12,GL-5214,2026-03-13 09:15:00,7.3323,10.500151,5.0,4.59
T12,GL-5214,2026-03-13 09:16:00,7.332332,10.499569,6.5,4.2
T12,GL-5214,2026-03-13 09:17:00,7.332333,10.499076,6.9,2.82
T12,GL-5214,2026-03-13 09:18:00,7.332284,10.498411,7.2,4.96
T12,GL-5214,2026-03-13 09:19:00,7.332291,10.497772,9.2,4.55
T12,GL-5214,2026-03-13 09:20:00,7.332186,10.497215,4.1,4.56
T12,GL-5214,2026-03-13 09:21:00,7.332402,10.496767,6.9,5.28
T12,GL-5214,2026-03-13 09:22:00,7.332388,10.495913,10.0,3.38
T12,GL-5214,2026-03-13 09:23:00,7.332325,10.495432,10.6,2.81
T12,GL-5214,2026-03-13 09:24:00,7.332429,10.494877,6.5,4.76
T12,GL-5214,2026-03-13 09:25:00,7.332403,10.494195,8.0,4.08
T12,GL-5214,2026-03-13 09:26:00,7.332433,10.49368,11.1,5.48
T12,GL-5214,2026-03-13 09:27:00,7.33241,10.493099,9.0,4.33
T12,GL-5214,2026-03-13 09:28:00,7.33237,10.492505,8.4,2.82
T12,GL-5214,2026-03-13 09:29:00,7.332417,10.492521,9.3,0.73
T12,GL-5214,2026-03-13 09:30:00,7.332548,10.492428,,0.59
T12,GL-5214,2026-03-13 09:31:00,7.33251,10.492423,5.4,0.5
T12,GL-5214,2026-03-13 09:32:00,7.332469,10.492477,10.2,0.82
T12,GL-5214,2026-03-13 09:33:00,7.332319,10.492294,6.4,0.2
T12,GL-5214,2026-03-13 09:34:00,7.332491,10.492546,6.3,0.1
T12,GL-5214,2026-03-13 09:35:00,7.33249,10.49242,5.2,0.35
T12,GL-5214,2026-03-13 09:36:00,7.332524,10.492345,11.7,0.38
T12,GL-5214,2026-03-13 09:37:00,7.332448,10.492305,9.5,0.22
T12,GL-5214,2026-03-13 09:38:00,7.332424,10.492284,5.1,0.03
T12,GL-5214,2026-03-13 09:39:00,7.332566,10.492478,10.8,0.06
T12,GL-5214,2026-03-13 09:40:00,7.332432,10.49238,6.9,0.03
T12,GL-5214,2026-03-13 09:41:00,7.332338,10.492488,11.6,0.57
T12,GL-5214,2026-03-13 09:42:00,7.332531,10.49231,4.4,0.37
T12,GL-5214,2026-03-13 09:43:00,7.332344,10.492312,11.8,0.01
T12,GL-5214,2026-03-13 09:44:00,7.33237,10.492465,11.8,0.13
T12,GL-5214,2026-03-13 09:45:00,7.331869,10.492813,9.2,4.01
T12,GL-5214,2026-03-13 09:46:00,7.331278,10.493212,7.1,5.53
T12,GL-5214,2026-03-13 09:47:00,7.330736,10.493662,4.6,3.47
T12,GL-5214,2026-03-13 09:48:00,7.330117,10.494021,10.2,4.88
T12,GL-5214,2026-03-13 09:49:00,7.329516,10.494515,9.2,3.64
T12,GL-5214,2026-03-13 09:50:00,7.329014,10.495036,10.2,3.66
T12,GL-5214,2026-03-13 09:51:00,7.328497,10.495398,10.5,2.97
T12,GL-5214,2026-03-13 09:52:00,7.32783,10.495744,8.1,4.18
T12,GL-5214,2026-03-13 09:53:00,7.327867,10.495976,6.1,0.15
T12,GL-5214,2026-03-13 09:54:00,7.327744,10.495786,7.2,0.85
T12,GL-5214,2026-03-13 09:55:00,7.328009,10.495898,9.1,0.42
T12,GL-5214,2026-03-13 09:56:00,7.328048,10.495783,5.9,0.79
T12,GL-5214,2026-03-13 09:57:00,7.327999,10.495636,7.1,0.83
T12,GL-5214,2026-03-13 09:58:00,7.327906,10.495906,10.0,0.33
T12,GL-5214,2026-03-13 09:59:00,7.327714,10.495776,11.7,0.1
T12,GL-5214,2026-03-13 10:00:00,7.327931,10.495866,8.2,0.35
T12,GL-5214,2026-03-13 10:01:00,7.327828,10.495916,11.7,0.86
T12,GL-5214,2026-03-13 10:02:00,7.327874,10.495908,6.3,0.46
T12,GL-5214,2026-03-13 10:03:00,7.32794,10.495983,9.4,0.2
T12,GL-5214,2026-03-13 10:04:00,7.328063,10.495878,9.4,0.41
T12,GL-5214,2026-03-13 10:05:00,7.327766,10.495864,8.7,0.59
T12,GL-5214,2026-03-13 10:06:00,7.327979,10.495849,5.1,0.39
T12,GL-5214,2026-03-13 10:07:00,7.327991,10.495729,4.7,0.08
T12,GL-5214,2026-03-13 10:08:00,7.327873,10.495662,7.6,0.65
T12,GL-5214,2026-03-13 10:09:00,7.32795,10.495902,6.3,0.46
T12,GL-5214,2026-03-13 10:10:00,7.328028,10.495843,10.8,0.26
T12,GL-5214,2026-03-13 10:11:00,7.327891,10.496083,10.2,0.22
T12,GL-5214,2026-03-13 10:12:00,7.327946,10.495904,4.9,0.47
T12,GL-5214,2026-03-13 10:13:00,7.327868,10.495859,10.7,0.33
T12,GL-5214,2026-03-13 10:14:00,7.327854,10.495885,6.9,0.27
T12,GL-5214,2026-03-13 10:15:00,7.327901,10.495854,8.5,0.36
T12,GL-5214,2026-03-13 10:16:00,7.327949,10.495849,7.2,0.4
T12,GL-5214,2026-03-13 10:17:00,7.327917,10.49584,4.3,0.2
T12,GL-5214,2026-03-13 10:18:00,7.327901,10.495888,9.2,0.05
T12,GL-5214,2026-03-13 10:19:00,7.32786,10.495891,8.6,0.13
T12,GL-5214,2026-03-13 10:20:00,7.327962,10.495822,9.2,0.34
T12,GL-5214,2026-03-13 10:21:00,7.327912,10.495804,6.0,0.18
T12,GL-5214,2026-03-13 10:22:00,7.327881,10.495906,8.2,0.3
T12,GL-5214,2026-03-13 10:23:00,7.327915,10.495835,8.1,0.07
T12,GL-5214,2026-03-13 10:24:00,7.327896,10.49582,8.8,0.14
T12,GL-5214,2026-03-13 10:25:00,7.32789,10.49585,7.1,0.12
T12,GL-5214,2026-03-13 10:26:00,7.32783,10.495855,11.3,0.32
T12,GL-5214,2026-03-13 10:27:00,7.32794,10.495875,6.9,0.24
T12,GL-5214,2026-03-13 10:28:00,7.327953,10.49581,5.7,0.2
T12,GL-5214,2026-03-13 10:29:00,7.327953,10.495856,11.9,0.36
T12,GL-5214,2026-03-13 10:30:00,7.327901,10.495794,8.5,0.23
T12,GL-5214,2026-03-13 10:31:00,7.327951,10.49584,,0.31
T12,GL-5214,2026-03-13 10:32:00,7.327938,10.495879,7.9,0.11
T12,GL-5214,2026-03-13 10:33:00,7.327906,10.495883,7.3,0.16
T12,GL-5214,2026-03-13 10:34:00,7.327883,10.49585,5.9,0.1
T12,GL-5214,2026-03-13 10:35:00,7.327881,10.495831,10.8,0.33
T12,GL-5214,2026-03-13 10:36:00,7.327919,10.495863,9.4,0.12
T12,GL-5214,2026-03-13 10:37:00,7.327895,10.495816,11.2,0.26
T12,GL-5214,2026-03-13 10:38:00,7.32789,10.495834,6.1,0.27
T12,GL-5214,2026-03-13 10:39:00,7.327884,10.495821,11.3,0.16
T12,GL-5214,2026-03-13 10:40:00,7.327882,10.495832,10.4,0.37
T12,GL-5214,2026-03-13 10:41:00,7.327953,10.495879,11.2,0.29
T12,GL-5214,2026-03-13 10:42:00,7.327897,10.495878,7.7,0.24
T12,GL-5214,2026-03-13 10:43:00,7.327912,10.495859,6.3,0.18
T12,GL-5214,2026-03-13 10:44:00,7.32785,10.49584,11.6,0.21
T12,GL-5214,2026-03-13 10:45:00,7.327896,10.495862,4.0,0.37
T12,GL-5214,2026-03-13 10:46:00,7.327886,10.495841,4.5,0.18
T12,GL-5214,2026-03-13 10:47:00,7.327917,10.495823,4.5,0.25
T12,GL-5214,2026-03-13 10:48:00,7.327955,10.495834,11.4,0.13
T12,GL-5214,2026-03-13 10:49:00,7.327895,10.495828,4.1,0.37
T12,GL-5214,2026-03-13 10:50:00,7.327929,10.495852,10.0,0.1
T12,GL-5214,2026-03-13 10:51:00,7.327905,10.495794,4.2,0.07
T12,GL-5214,2026-03-13 10:52:00,7.327883,10.495844,8.6,0.01
T12,GL-5214,2026-03-13 10:53:00,7.327938,10.495859,11.6,0.36
T12,GL-5214,2026-03-13 10:54:00,7.327923,10.495845,9.5,0.22
T12,GL-5214,2026-03-13 10:55:00,7.327885,10.495822,9.9,0.24
T12,GL-5214,2026-03-13 10:56:00,7.327948,10.495854,8.4,0.3
T12,GL-5214,2026-03-13 10:57:00,7.32789,10.495847,8.0,0.07
T12,GL-5214,2026-03-13 10:58:00,7.32792,10.495832,7.4,0.06
T12,GL-5214,2026-03-13 10:59:00,7.327919,10.495888,8.2,0.29
T12,GL-5214,2026-03-13 11:00:00,7.327945,10.495794,10.9,0.12
T12,GL-5214,2026-03-13 11:01:00,7.327911,10.495822,11.2,0.38
T12,GL-5214,2026-03-13 11:02:00,7.327928,10.495834,5.2,0.22
T12,GL-5214,2026-03-13 11:03:00,7.327884,10.495805,5.1,0.15
T12,GL-5214,2026-03-13 11:04:00,7.3279,10.495843,6.0,0.13
T12,GL-5214,2026-03-13 11:05:00,7.327919,10.495784,4.6,0.28
T12,GL-5214,2026-03-13 11:06:00,7.327884,10.495879,9.1,0.08
T12,GL-5214,2026-03-13 11:07:00,7.327916,10.495843,9.9,0.15
T12,GL-5214,2026-03-13 11:08:00,7.32793,10.495896,9.2,0.03
T12,GL-5214,2026-03-13 11:09:00,7.327926,10.495855,6.5,0.23
T12,GL-5214,2026-03-13 11:10:00,7.327872,10.49585,9.5,0.01
T12,GL-5214,2026-03-13 11:11:00,7.327875,10.495853,11.1,0.24
T12,GL-5214,2026-03-13 11:12:00,7.327935,10.495835,4.5,0.2
T12,GL-5214,2026-03-13 11:13:00,7.327934,10.495841,11.2,0.26
T12,GL-5214,2026-03-13 11:14:00,7.32788,10.495836,6.5,0.31
T12,GL-5214,2026-03-13 11:15:00,7.327913,10.495886,9.0,0.26
T12,GL-5214,2026-03-13 11:16:00,7.327902,10.495853,6.1,0.12
T12,GL-5214,2026-03-13 11:17:00,7.327902,10.495866,6.7,0.11
T12,GL-5214,2026-03-13 11:18:00,7.327892,10.495891,11.8,0.39
T12,GL-5214,2026-03-13 11:19:00,7.327948,10.495848,9.9,0.05
T12,GL-5214,2026-03-13 11:20:00,7.327867,10.495832,,0.12
T12,GL-5214,2026-03-13 11:21:00,7.327915,10.495869,4.8,0.08
T12,GL-5214,2026-03-13 11:22:00,7.327935,10.495847,7.3,0.19
T12,GL-5214,2026-03-13 11:23:00,7.327924,10.495856,9.3,0.08
T12,GL-5214,2026-03-13 11:24:00,7.327924,10.495843,7.6,0.25
T12,GL-5214,2026-03-13 11:25:00,7.401256,10.495901,8.0,330.15
T12,GL-5214,2026-03-13 11:26:00,7.327921,10.49577,,0.2
T12,GL-5214,2026-03-13 11:27:00,7.327905,10.495848,10.2,0.03
T12,GL-5214,2026-03-13 11:28:00,7.327919,10.495847,10.6,0.3
T12,GL-5214,2026-03-13 11:29:00,7.327916,10.495861,9.0,0.05
T12,GL-5214,2026-03-13 11:30:00,10.495863,7.327859,10.8,0.25
T12,GL-5214,2026-03-13 11:31:00,7.327894,10.495919,10.4,0.32
T12,GL-5214,2026-03-13 11:32:00,7.327878,10.495843,6.2,0.2
T12,GL-5214,2026-03-13 11:33:00,7.327893,10.495862,11.6,0.08
T12,GL-5214,2026-03-13 11:34:00,7.327903,10.495825,4.3,0.17
T12,GL-5214,2026-03-13 11:35:00,7.327903,10.495855,4.6,0.16
T12,GL-5214,2026-03-13 11:36:00,7.327885,10.495825,8.1,0.3
T12,GL-5214,2026-03-13 11:37:00,7.327881,10.495814,10.4,0.14
T12,GL-5214,2026-03-13 11:38:00,7.32801,10.49655,6.3,5.21
T12,GL-5214,2026-03-13 11:39:00,7.32843,10.497221,11.7,5.22
T12,GL-5214,2026-03-13 11:40:00,7.328511,10.497981,6.0,4.2
T12,GL-5214,2026-03-13 11:41:00,7.328804,10.498675,11.3,3.23
T12,GL-5214,2026-03-13 11:42:00,7.329012,10.499487,7.6,3.41
T12,GL-5214,2026-03-13 11:43:00,7.329082,10.500077,11.7,4.45
T12,GL-5214,2026-03-13 11:44:00,7.329463,10.50089,6.1,5.51
T12,GL-5214,2026-03-13 11:45:00,7.329643,10.501399,5.2,5.3
T12,GL-5214,2026-03-13 11:46:00,7.329827,10.502173,6.3,5.55
T12,GL-5214,2026-03-13 11:47:00,7.330005,10.502916,11.4,3.45
T12,GL-5214,2026-03-13 11:48:00,7.330303,10.503713,8.6,2.96
T12,GL-5214,2026-03-13 11:49:00,7.330412,10.504422,7.4,3.12
T12,GL-5214,2026-03-13 11:50:00,0.0,0.0,6.6,3.38
T12,GL-5214,2026-03-13 11:51:00,7.330824,10.505714,9.1,4.63
T12,GL-5214,2026-03-13 12:12:00,7.335492,10.520671,12.0,4.48
T12,GL-5214,2026-03-13 12:13:00,7.335574,10.521233,9.0,3.04
T12,GL-5214,2026-03-13 12:14:00,7.335804,10.521954,11.1,3.22
T12,GL-5214,2026-03-13 12:15:00,7.33601,10.522645,8.0,3.7
T12,GL-5214,2026-03-13 12:16:00,7.336297,10.523514,8.3,4.01
T12,GL-5214,2026-03-13 12:17:00,7.336473,10.524134,8.5,4.63
T12,GL-5214,2026-03-13 12:18:00,7.336684,10.524963,11.8,3.06
T12,GL-5214,2026-03-13 12:19:00,7.337009,10.525639,4.7,4.13
T12,GL-5214,2026-03-13 12:20:00,7.337212,10.526198,8.3,4.27
T12,GL-5214,2026-03-13 12:21:00,7.337358,10.527003,8.0,4.37
T12,GL-5214,2026-03-13 12:22:00,7.337578,10.52764,4.1,2.83
T12,GL-5214,2026-03-13 12:23:00,7.337818,10.528307,9.4,3.45
T12,GL-5214,2026-03-13 12:24:00,7.337966,10.529214,7.7,4.71
T12,GL-5214,2026-03-13 12:25:00,7.338148,10.529799,5.1,4.15
T12,GL-5214,2026-03-13 12:26:00,7.338365,10.530541,8.4,3.89
T12,GL-5214,2026-03-13 12:27:00,7.338511,10.531308,7.1,4.29
T12,GL-5214,2026-03-13 12:28:00,7.3388,10.531924,4.6,4.93
T12,GL-5214,2026-03-13 12:29:00,7.339043,10.532685,9.0,4.86
T12,GL-5214,2026-03-13 12:30:00,7.339187,10.533273,9.4,4.57
T12,GL-5214,2026-03-13 12:31:00,7.339481,10.534082,5.4,4.42
T12,GL-5214,2026-03-13 12:32:00,10.534783,7.339647,5.3,2.96
T12,GL-5214,2026-03-13 12:33:00,7.340003,10.535551,4.8,5.3
T12,GL-5214,2026-03-13 12:34:00,7.340076,10.536195,7.9,4.19
T12,GL-5214,2026-03-13 12:35:00,7.340336,10.53685,4.1,2.91
T12,GL-5214,2026-03-13 12:36:00,7.340537,10.537495,6.2,4.82
T12,GL-5214,2026-03-13 12:37:00,7.340639,10.538301,5.9,4.7
T12,GL-5214,2026-03-13 12:38:00,7.341066,10.539072,8.1,3.66
T12,GL-5214,2026-03-13 12:39:00,7.341237,10.539633,9.7,4.17
T12,GL-5214,2026-03-13 12:40:00,7.341492,10.54035,5.0,4.03
T12,GL-5214,2026-03-13 12:41:00,7.341684,10.541129,10.7,3.3
T12,GL-5214,2026-03-13 12:42:00,7.341962,10.541893,8.3,4.67
T12,GL-5214,2026-03-13 12:43:00,7.341941,10.54254,9.7,4.56
T12,GL-5214,2026-03-13 12:44:00,7.342364,10.543222,4.2,3.29
T12,GL-5214,2026-03-13 12:45:00,7.342489,10.544122,6.7,3.65
T12,GL-5214,2026-03-13 12:46:00,7.342797,10.544692,4.1,3.18
T12,GL-5214,2026-03-13 12:47:00,7.342975,10.5455,8.5,3.49
T12,GL-5214,2026-03-13 12:48:00,7.343009,10.546117,6.5,5.34
T12,GL-5214,2026-03-13 12:49:00,7.343259,10.546871,6.7,3.2
T12,GL-5214,2026-03-13 12:50:00,7.34356,10.547552,4.3,5.12
T12,GL-5214,2026-03-13 12:51:00,7.34383,10.54814,10.4,5.36
T12,GL-5214,2026-03-13 12:52:00,7.343946,10.548895,10.0,4.28
T12,GL-5214,2026-03-13 12:53:00,7.344258,10.549644,5.5,5.27
T12,GL-5214,2026-03-13 12:54:00,7.344557,10.550351,8.4,2.97
T12,GL-5214,2026-03-13 12:55:00,7.344457,10.550365,8.6,0.0
T12,GL-5214,2026-03-13 12:56:00,7.344457,10.550221,9.8,0.74
T12,GL-5214,2026-03-13 12:57:00,7.344514,10.550213,9.1,0.59
T12,GL-5214,2026-03-13 12:58:00,7.344432,10.550398,5.3,0.13
T12,GL-5214,2026-03-13 12:59:00,7.344561,10.550365,6.5,0.77
T12,GL-5214,2026-03-13 13:00:00,7.344536,10.550328,7.9,0.06
T12,GL-5214,2026-03-13 13:01:00,7.344509,10.550395,9.8,0.15
T12,GL-5214,2026-03-13 13:02:00,7.344416,10.550402,9.7,0.82
T12,GL-5214,2026-03-13 13:03:00,7.344373,10.550279,11.1,0.28
T12,GL-5214,2026-03-13 13:04:00,7.344394,10.550423,10.6,0.01
T12,GL-5214,2026-03-13 13:05:00,7.344478,10.550413,8.5,0.36
T12,GL-5214,2026-03-13 13:06:00,7.344598,10.550316,10.0,0.3
T12,GL-5214,2026-03-13 13:07:00,7.344511,10.550348,8.5,0.62
T12,GL-5214,2026-03-13 13:08:00,7.34437,10.550447,11.3,0.11
T12,GL-5214,2026-03-13 13:09:00,7.344475,10.550496,10.4,0.27
T12,GL-5214,2026-03-13 13:10:00,7.344406,10.550392,5.6,0.53
T12,GL-5214,2026-03-13 13:11:00,0.0,0.0,11.5,5.5
T12,GL-5214,2026-03-13 13:12:00,7.343301,10.551266,8.3,3.29
T12,GL-5214,2026-03-13 13:13:00,7.342802,10.551642,7.7,4.31
T12,GL-5214,2026-03-13 13:14:00,7.342169,10.55194,6.1,5.07
T12,GL-5214,2026-03-13 13:15:00,7.341734,10.55234,6.7,3.04
T12,GL-5214,2026-03-13 13:16:00,10.552838,7.3412,10.8,3.02
T12,GL-5214,2026-03-13 13:17:00,7.340709,10.553132,11.4,5.18
T12,GL-5214,2026-03-13 13:18:00,7.340067,10.553566,9.4,2.99
T12,GL-5214,2026-03-13 13:19:00,7.339657,10.553844,7.2,3.08
T12,GL-5214,2026-03-13 13:20:00,7.339061,10.554428,10.6,2.97
T12,GL-5214,2026-03-13 13:21:00,7.338554,10.554866,4.5,3.73
T12,GL-5214,2026-03-13 13:22:00,7.337949,10.555202,7.9,3.84
T12,GL-5214,2026-03-13 13:23:00,7.337453,10.555682,10.8,4.58
T12,GL-5214,2026-03-13 13:24:00,7.336978,10.55593,9.4,3.63
T12,GL-5214,2026-03-13 13:25:00,7.336423,10.556437,,3.18
T12,GL-5214,2026-03-13 13:26:00,7.335872,10.556747,10.9,4.27
T12,GL-5214,2026-03-13 13:27:00,7.335305,10.557177,6.9,3.11
T12,GL-5214,2026-03-13 13:28:00,7.334899,10.557569,10.0,4.08
T12,GL-5214,2026-03-13 13:29:00,7.334265,10.557955,5.6,4.96
T12,GL-5214,2026-03-13 13:30:00,7.333804,10.558448,4.2,2.91
T12,GL-5214,2026-03-13 13:31:00,7.333315,10.558802,10.0,3.67
T12,GL-5214,2026-03-13 13:32:00,7.332676,10.559221,10.0,4.95
T12,GL-5214,2026-03-13 13:33:00,7.332166,10.559569,11.4,3.73
T12,GL-5214,2026-03-13 13:34:00,7.331707,10.55992,4.3,4.25
T12,GL-5214,2026-03-13 13:35:00,7.331089,10.560415,7.4,2.94
T12,GL-5214,2026-03-13 13:36:00,7.330626,10.560834,9.9,4.25
T12,GL-5214,2026-03-13 13:37:00,7.330463,10.560706,4.2,0.29
T12,GL-5214,2026-03-13 13:38:00,7.330499,10.560614,6.1,0.81
T12,GL-5214,2026-03-13 13:39:00,7.330557,10.560797,8.8,0.25
T12,GL-5214,2026-03-13 13:40:00,7.330635,10.560811,5.6,0.74
T12,GL-5214,2026-03-13 13:41:00,7.330568,10.560778,10.7,0.58
T12,GL-5214,2026-03-13 13:42:00,7.330491,10.560809,10.3,0.17
T12,GL-5214,2026-03-13 13:43:00,7.330428,10.560793,11.0,0.79
T12,GL-5214,2026-03-13 13:44:00,7.330609,10.560804,7.6,0.08
T12,GL-5214,2026-03-13 13:45:00,7.330626,10.560699,11.0,0.11
T12,GL-5214,2026-03-13 13:46:00,7.330511,10.560861,5.9,0.56
T12,GL-5214,2026-03-13 13:47:00,7.330557,10.560962,9.2,0.08
T12,GL-5214,2026-03-13 13:48:00,7.330569,10.560851,6.5,0.75
T12,GL-5214,2026-03-13 13:49:00,7.330429,10.560685,6.9,0.41
T12,GL-5214,2026-03-13 13:50:00,7.330598,10.560884,7.1,0.71
T12,GL-5214,2026-03-13 13:51:00,7.330509,10.560743,4.4,0.28
T12,GL-5214,2026-03-13 13:52:00,7.33053,10.560904,10.5,0.76
T12,GL-5214,2026-03-13 13:53:00,7.330512,10.560721,8.1,0.19
T12,GL-5214,2026-03-13 13:54:00,7.330543,10.56084,6.6,0.03
T12,GL-5214,2026-03-13 13:55:00,7.330556,10.560809,4.7,0.65
